tweet_id,Tweet,Stock Name,Trading Date,final_label
9074,"12 Years ago today, Tesla was worth $2B. That’s Cracker Barrel’s size today Recently, $TSLA touched $1 Trillion → A 50,000% return! These 3 UNFAIR ADVANTAGES over rivals that helped along the way: :backhand_index_pointing_down:",TSLA,25/7/2022,Buy
4140,"Memerizing pictures from Giga Shangai. Expansions to phase 1 appear to be complete. Battery factory construction too, and building appears to be operational with semis docked. Colorful storage trailers/supplies. Full production on Monday with Model 3 line back up! $TSLA",TSLA,8/8/2022,Buy
5044,"As a Tesla shareholder, this is extremely exciting news. Thanks!",TSLA,26/7/2022,Buy
2771,$TSLA is down -2.19% because: - Tesla will be the biggest company ever - this week stock split - FSD 10.69 is MIND BLOWINGLY good - FSD price increase $15k,TSLA,22/8/2022,Buy
4631,$TSLA getting hammered into the close. Got some at $889.09.,TSLA,1/8/2022,Buy
5967,1/ The greatest wealth is created in Bear Markets This is your opportunity to buy companies at discounts Buy companies that are the best in their sector: Amazon $AMZN Apple $AAPL Home Depot $HD Chipotle $CMG McDonald’s $MCD Microsoft $MSFT Waste Management $WM,AAPL,26/9/2022,Buy
1222,"Back in the day, when I used to work at Apple and started investing in Tesla, I saw my brokerage account go from ~$900,000 to ~$150,000. Many would have thrown the white towel and gave up mentally. I never gave up. $TSLA",TSLA,12/9/2022,Buy
8747,Tesla isn’t making old styled pick-up Trucks — it’s making CyberTrucks. $TSLA #Tesla :high_voltage::high_voltage::high_voltage:,TSLA,10/8/2022,Buy
3933,$TSLA +1.3% to $883 pre-mkt after July China sales came in as expected (28.2K) with the Shanghai factory closed two weeks for upgrades. Equities mixed (SPX +0.2% NDX +0.1%) in front of tomorrow’s July CPI which will cool vs June (MoM +0.2%E MoM core +0.5%E). 10yrTY 2.781% +2.4bp.,TSLA,9/8/2022,Buy
8087,Congrats employees! Nice work:partying_face:,TSLA,19/9/2022,Buy
782,"People who missed $tsla the first time around, do not let your pride and ego prevent you from missing on an investment of a lifetime again. Find out what is happening. Properly research this company. As would say, reason by first principles not analogy. ✌️",TSLA,19/9/2022,Buy
2245,$TSLA Bot will be 10x simpler to build & ramp,TSLA,29/8/2022,Buy
1805,"Show me your dream car, this is mine:",TSLA,2/9/2022,Buy
1726,"The electric car of the future, available today... ...and it doesn't even leak in car washes! cc: $TSLA owners",TSLA,5/9/2022,Buy
3639,"Damn baby, when did you get so good? $TSLA",TSLA,11/8/2022,Buy
416,$TSLA Aggressive Calls Hitting The Tape,TSLA,23/9/2022,Buy
9201,$AAPL THE SIGNS WERE ALWAYS THERE :eyes:,AAPL,28/9/2022,Buy
735,$TSLA says it still plans to open battery plant in Germany,TSLA,19/9/2022,Buy
9335,:police_car_light: Credit Suisse upgraded Apple $AAPL to Outperform from Neutral with a $201 price target,AAPL,16/8/2022,Buy
4947,The tide seems to be shifting more in favor of $TSLA. 🌊,TSLA,28/7/2022,Buy
3526,GIGA SHANGHAI CONTINUES TO RAMP WITH VENGEANCE! 🇨🇳⚡️ $TSLA,TSLA,12/8/2022,Buy
1373,$TSLA is going for it. 🚀,TSLA,9/9/2022,Buy
6001,Golden Rule. In a stock market correction $AAPL will always be the last stock to go down. Always the first stock to go higher again after the correction.,AAPL,20/9/2022,Buy
1631,"NEWS: has received another big, €50 million order from German car subscription provider Fleetpool. The company will purchase Model 3 and Model Y from Tesla, and offer the vehicles to both corporate and private customers.",TSLA,6/9/2022,Buy
29,$tsla just retested the $798 pre-split level. Screaming buy now.,TSLA,29/9/2022,Buy
5562,BREAKING: Elon Musk says is open to increase their position on Bitcoin adding that they still hold Dogecoin.,TSLA,20/7/2022,Buy
8349,"Tesla closes from being down -3.4% to closing +0.56%! :chart_decreasing::chart_increasing: Way to fight back $TSLA longs! :chart_increasing: Way to fuck up $TSLAQ shorts! :chart_decreasing: The future is bright, so don’t give up! :oncoming_fist:",TSLA,1/9/2022,Buy
4372,BREAKING: $TSLA 3:1 stock split is approved,TSLA,4/8/2022,Buy
4765,"🧵 1/7 Why would ARK sell $TSLA to buy $ROKU? My first reaction was disbelief. We are finally back on track for at least two, if not more, good $TSLA quarters. ATH are in sight. I shared that I am considering going back into margin, a big step for a chicken like me. Then ...",TSLA,1/8/2022,Buy
8492,"Bought me another home in cash, I would like to thank $CCL $TSLA $LCID $NFLX. Plus my boys and on some stock tips. Next buy possibly another aircraft? Yep :rolling_on_the_floor_laughing::rolling_on_the_floor_laughing::rolling_on_the_floor_laughing::rolling_on_the_floor_laughing::rolling_on_the_floor_laughing::rolling_on_the_floor_laughing:",TSLA,23/8/2022,Buy
2165,"Honda recently put up its worst three-month sales in the US ever:🔻51% YoY I believe this is because Honda is leaving the US, as it does not have a competitive EV or the ZEV credits to satisfy regulatory requirements in the coming years $TSLA #TeslaKillerCemetery 💀",TSLA,29/8/2022,Buy
6409,$AAPL completed 6 straight winning weeks and 11 points from ATH.,AAPL,12/8/2022,Buy
3263,"$tsla closed Monday above the 200MA and if confirmed tomorrow, this would be a strong bullish sign",TSLA,15/8/2022,Buy
3481,How to enter trades by Price Action confirmation! $SPY $QQQ $TSLA $AAPL,TSLA,12/8/2022,Buy
96,Predictions: $TSLA would report a record breaking quarter 355-365k for Q3 and break the resistance at $313. Some who sold all his shares will come out to apologies to the community again. 😉,TSLA,29/9/2022,Buy
6422,The rest is history.... $AAPL $MSFT,AAPL,12/8/2022,Buy
1155,"Bought another 2,000 of $TSLA at $292.22.",TSLA,13/9/2022,Buy
3375,Tesla will top this list by EOY 2026 $TSLA,TSLA,15/8/2022,Buy
3912,This is how long term Tesla investors sleep at night bc we know what the true value of Tesla will be in the future. $TSLA,TSLA,9/8/2022,Buy
5570,Elon Musk has said on $TSLA earnings call: We have the potential for a record breaking second half of the year.,TSLA,20/7/2022,Buy
9034,"$AMZN is priced at $1.2T while it’s set to lose money for as far as the eye can see in a bubble-popping, high interest-rate environment :warning::police_car_light: $AMZN investors are at extreme risk :bomb::collision: SELL EVERYTHING, BUY $TSLA :rocket::full_moon:",TSLA,26/7/2022,Buy
2620,These $TSLA milestones are happening like it or not!! 🚀🚀🚀,TSLA,23/8/2022,Buy
6120,Elon Musk says there have been some promising conversations with $AAPL about Starlink connectivity,AAPL,8/9/2022,Buy
8925,$TSLA for the win :bullseye::money_bag::money_bag:,TSLA,1/8/2022,Buy
483,"Every day that you hold $TSLA, the intrinsic value of your shares increases by 5 to 10 basis points. Reality catches up eventually.",TSLA,22/9/2022,Buy
1446,$TSLA Q4’22 Operating Margin > 40%,TSLA,8/9/2022,Buy
1569,"$TSLA The world is transitioning to sustainable energy at an incredible and accelerating rate, thanks to",TSLA,7/9/2022,Buy
2864,Ready for $TSLA Beta FSD 10.69,TSLA,22/8/2022,Buy
532,The moon 🌚 has 17% of earth’s 🌏 gravity. The Cybertruck will be great on the lunar surface! 🎥:,TSLA,22/9/2022,Buy
88,Tesla Full Self-Driving Beta is trained on data from over 50 countries $TSLA,TSLA,29/9/2022,Buy
5014,"Some will use my own chart against me, arguing since 4/14 (when Elon offered to buy $TWTR) $TSLA -21% vs NDX -13% and TSLA beta 1.6x. But that ignores TSLA’s two blowout earnings reports (1Q 4/20, 2Q 7/20) during that span. Since 4/14, TSLA 2023 EPS ests +22% vs NDX largely flat.",TSLA,26/7/2022,Buy
6092,$AAPL #AAPL There it is. Gap fully filled & target hit. A great case study using lower indicators w/ VWAP/volume shelves over the last few trading days.,AAPL,12/9/2022,Buy
3298,So many many upcoming $TSLA catalysts! Price target: $1400 by end of year 🚀🚀🚀,TSLA,15/8/2022,Buy
4797,"oh poor , are you still shorting $TSLA? 🤣🤣",TSLA,29/7/2022,Buy
3519,We all watching $TSLA to hit $900 in the next minutes...,TSLA,12/8/2022,Buy
2225,"You did it Mary, you misled and it matters. $TSLA",TSLA,29/8/2022,Buy
5350,I’m riding Tesla to the muthafuckin moon. 🚀🌙 $TSLA,TSLA,21/7/2022,Buy
5584,The $TSLA revenue growth story continues 👀 ... despite limited production and shutdowns in Shanghai for the majority of the quarter.,TSLA,20/7/2022,Buy
9367,$AAPL $1.3B+ Dark Pool Prints :flushed_face: *This is VERY RARE*,AAPL,8/8/2022,Buy
9356,5 stocks I'm holding for the next 10 years: $AAPL :red_apple: $MSFT :cloud: $V :credit_card: $HD :hammer: $UNH :lab_coat: What will you be holding? :backhand_index_pointing_down:,AAPL,10/8/2022,Buy
8188,Begin the $TSLA to ATH alert :police_car_light:,TSLA,12/9/2022,Buy
4254,Bought the $900 for day trade. $TSLA,TSLA,5/8/2022,Buy
2337,"Here's another Virtual Power Plant program I hadn't heard of before today. $TSLA indicates homeowners (in MA, CT and RI) can expect to earn $200-$1,000 per year by enrolling. Great to see that Tesla Energy is ramping up.",TSLA,26/8/2022,Buy
108,New coverage on Tesla w/ a BUY rating price target of $333.33. $TSLA,TSLA,28/9/2022,Buy
8077,"In a tough macro, $tsla has proven to be the most resilient of the mega caps. But you would not know this if you listened to the mainstream media. :victory_hand:",TSLA,19/9/2022,Buy
3032,1 week until $TSLA 3-for-1 stock-split,TSLA,18/8/2022,Buy
3110,"Tesla is increasing its fleet of delivery trucks by ~50% at its Fremont factory, Global Equities Research noted. The firm reaffirmed its “Buy” rating on $TSLA shares with a $2,300 price target #Tesla",TSLA,17/8/2022,Buy
251,"1,426 gigawatt-hours of solar energy in California and 1,876 gigawatt-hours of solar in Texas were wasted in 2021 due to curtailment in response to low power demand. There is a 3TWh+ opportunity for battery storage there $TSLA",TSLA,27/9/2022,Buy
9137,100k users. 35 million miles. Zero fatalities. $TSLA FSD IS READY FOR ROBOTAXI :robot::oncoming_taxi:,TSLA,21/7/2022,Buy
4513,"""We'll have to be higher for longer""- Bullard In response to any indication of a pivot. Fed saying there will NOT be a pivot. Markets have priced in a pivot this past week. This rally may or may not hold if we keep getting signals the Fed is not going to ease anytime soon. $TSLA",TSLA,3/8/2022,Hold
4065,"This week events: - Mon 8/8E: $TSLA China July sales (30K est), product’n (40K est). Closed 2 weeks for retooling - Wed 8/10: July CPI MoM +0.2%E MoM Ex-Fd/Engy +0.5%E - Thur 8/11: July PPI MoM +0.3%E Ex-Fd/Engy +0.4%E - Fri 8/12: UMich Sent Aug: 1yr infl 5.1%E, 5-10yr 2.8%E",TSLA,8/8/2022,Hold
106,and just wanted to check with you guys if the Cyber Truck design is actually safe. PS: I do like the design just wanted to ask if it's safe. #ElonMusk #Tesla #cybertruck #automobile #safety #SafetyInMind #SafetyFirst,TSLA,28/9/2022,Hold
33,All I see is a free Tesla,TSLA,29/9/2022,Hold
4562,"Thank you Martin. The bond between long term Tesla retail investors is real. Many of us have put literally everything we have into Tesla. We’ve experienced all the highs and lows together, and we will continue hold. $TSLA",TSLA,2/8/2022,Hold
3290,Just remember that Tuesday's in the markets and $TSLA have typically been pullback days after a nice run. It's the pattern. Not to say it will again but that has been the pattern as of recent.,TSLA,15/8/2022,Hold
6030,Compounding Dividend Prospects 💉 $ABBV 🚀 $LMT 🍎 $AAPL 📱 $AVGO 💳 $V 🛠️ $HD ☕️ $SBUX 🚜 $TSCO 🏦 $BAC 💊 $JNJ,AAPL,16/9/2022,Hold
5493,". selling #BTC is great news for ! 1st, market no longer needs to worry about selling #BTC which has been haunting us for a long time. 2nd, selling nearly 1 BIL USD worth of #BTC shows the liquidity of to all big corps.",TSLA,21/7/2022,Hold
6639,If $Aapl and $Amzn earnings are bad $Spy should see 450 overnight,AAPL,28/7/2022,Hold
2753,Current Market Condition $SPY $QQQ $AAPL $TSLA,TSLA,22/8/2022,Hold
1149,$30k on the day from $SPY & $TSLA Will post breakdown later,TSLA,13/9/2022,Hold
5927,"Supply and Demand Tradable Setup 90% of my trades use this setup and logic, includes 9 things I look for in order to enter the setup (targets can also be supply zones above) Has worked great for me with $SPY, $QQQ, $AAPL, $AMD",AAPL,27/9/2022,Hold
4128,2022 Annual Shareholder Meeting →,TSLA,8/8/2022,Hold
80,"Tesla should troll everyone at AI Day 2 by putting a humanoid robot in a Cybertruck, having it grip the yoke and turning on FSD beta to give people joyrides around the block. Nothing could possible go wrong. $TSLA",TSLA,29/9/2022,Hold
9443,:triangular_flag: $GOOGL and $AAPL two of the best companies in the world slow hiring :triangular_flag: = Long the United States Stock Market :United_States: lol,AAPL,20/7/2022,HOld
6499,About 69% of Warren Buffett and Berkshire Hathaway's equity portfolio was concentrated in 5 companies $BRK.B $BRK.A Apple $AAPL 38.2% Bank of America $BAC 9.8% Coca-Cola $KO 7.7% Chevron $CVX 7.2% American Express $AXP 6.4%,AAPL,8/8/2022,Hold
4241,Where do you think Tesla should build their next Gigafactory? $TSLA,TSLA,5/8/2022,Hold
6444,Me looking at my September $AAPL puts today.,AAPL,11/8/2022,Hold
9307,Everyone’s portfolio has some dividend heros! Here are my dividend heros! $HD $AAPL $JPM $O $KO $ABBV What are your dividend heros? :backhand_index_pointing_down_medium_skin_tone::backhand_index_pointing_down_medium_skin_tone::backhand_index_pointing_down_medium_skin_tone:,AAPL,26/8/2022,Hold
8667,FSD secured. I want to thank and for bringing this incredible technology to my attention. I had no idea how advanced and safe this technology was! Thanks Omar & Dan! :winking_face: :winking_face:,TSLA,15/8/2022,Hold
6754,"Trade plan for Tuesday ✅ $SPX if it fails to hold 3838 I would consider puts for a move to 3800. SPX needs back through 3900 to test for 4000+ $AAPL if it can't reclaim 150 by Wednesday it can drop to 145,141. Puts can work under 150 $MSFT to 250 can come if it breaks 255",AAPL,19/7/2022,Hold
1208,I pulled on to PCH this morning in my tesla. First I saw a new Polestar. Then a new Rivian. Signs. $tsla $psny $rivn #EV,TSLA,12/9/2022,Hold
2968,8/19 Options Trading Watchlist: $TSLA 930C > 920 | 890P < 900 $NVDA 190C > 188 $AMD 101C > 100 Also seeing bearish flow in Airlines. Lotto Friday and OPEX tomorrow. Tomorrow can be very volatile. Moves will be violent. Size down and be careful! ❤️ & 🔄 if you like the ideas.,TSLA,18/8/2022,Hold
5866,Wild fact: Yesterday $AAPL tagged its up trend line perfectly and bounced from there. It also defended its weekly 100MA. The last time it did what was at the lows of the Covid crash. Also: $AAPL did not make a new low versus June as opposed to the larger market.,AAPL,29/9/2022,Hold
5727,$TSLA In no man's land at least until it breaks above the orange dashed resistance. If it breaks above 760 then a run to 830-850 to the top of the bear flag can occur before the ultimate drop to the 400s⏰,TSLA,20/7/2022,Hold
7167,looks like TSM’s company culture is shifting just like the riot investigation asked for 👍,TSM,2/9/2022,Hold
346,"Troy’s data is consistent with EV-Volumes data that most in the industry use, and which we pay for. Adding back ~80K sales lost in China, Europe and ROW when GF3 shut due to Covid (other mnfrs factories open), $TSLA 2Q EV share would have been 19.8% - so fairly steady since 2018.",TSLA,26/9/2022,Hold
6378,"🐳 news: _ $BRK.A buys $OXY, $ALLY, sells $PARA - Dalio sells $BABA - $BAC / $JPM resume Russian bond trading - Third Point x $DIS - $AAPL fires recruiters - $BBIG enters social media in US, Canada - $PTON do-it-yourself - US manufacturing: -31 - Futures:",AAPL,16/8/2022,Hold
9224,Some of My Top Favorite Dividend Names:money_bag: Tech:laptop: $TSM $AAPL $MSFT $NVDA Industrial:factory: $DE $WM $LMT Real Estate:house_with_garden: $O $DLR $SPG $STAG Consumer:person_standing: $UL $KO $PG $PEP Retail:shopping_bags: $HD $DG $TSCO $COST Healthcare:pill: $JNJ $ABT $UNH $ABBV Utility:high_voltage: $XEL $NEE Are you holding any of these?,AAPL,22/9/2022,Hold
2484,$TSLA stock-split completed in my Schwab account. Post-split price is showing and updated share count is too.,TSLA,25/8/2022,No Opinion
7011,"Hey , love you and congrats on a sick Finals. Just a small note for you and the rest of the production crew: is no longer Gigabyte Marines (Gigabyte no longer a sponsor). It's just GAM now, same way that TSM is now just ""TSM"" and not ""Team Solomid"" anymore.",TSM,12/9/2022,No Opinion
7015,We usually just get a 30 minute notice that our airport shuttle is waiting for us.,TSM,12/9/2022,No Opinion
8280,"Saw many houses being built in Austin, TX this past weekend. :drooling_face:",TSLA,7/9/2022,No Opinion
6760,we're going undefeated,TSM,29/9/2022,No Opinion
388,"Competition is formidable. My M3P rated to 315 miles, it got 290 miles at best. My Mach-E GT is rated to 270 miles and one year later it's getting 293 miles. This has a huge impact over time on brand and consumer perception as opposed to overpromise and underdeliver $TSLA $TSLAQ",TSLA,26/9/2022,Sell
6795,"[Thread] #R6NAL Stage 3 stats: Attack win % TSM maintain top spot on the leaderboard since PD2 but only just, going down to 58% after PD4 compared to 80% after PD2. Beastcoast getting off bottom place is impressive given they had 0% ATK win % at the start of last week",TSM,27/9/2022,No Opinion
9556,"Congrats man, you're gonna be a great father :partying_face:",TSM,7/9/2022,No Opinion
3011,Today. 6:30PM CENTRAL. 4:30PM PACIFIC. 7:30PM EASTERN. See you there. $TSLA,TSLA,18/8/2022,No Opinion
7896,Our portfolio company in the Hydrogen sector: Fusion Fuel $HTOO today announces a $5 million USD Tech Sale Contract for 3.2 MW Green Hydrogen Project in Spain Read :backhand_index_pointing_down:for price targets and our comment Related: #hydrogen $HYPRO $NXH $FCEL $GREENH $TSLA,TSLA,29/9/2022,No Opinion
9764,"TWO MEN, ONE BLINDFOLD :eye::mouth::eye: We split up the boys to play VALORANT the way it was meant to be played: BLINDFOLDED! :clapper_board:",TSM,4/8/2022,No Opinion
7259,can’t help but notice you haven’t responded yet. I’m sure it’s an honest mistake.,TSM,29/8/2022,No Opinion
5579,"Call starts in a moment, come say hi in the chat! Tesla's Q2 2022 Earnings Call Stream LIVE: $TSLA",TSLA,20/7/2022,No Opinion
590,Triggered Elon is the best Elon $tsla,TSLA,21/9/2022,No Opinion
6995,That sledgehammer though 👀,TSM,13/9/2022,No Opinion
7716,Tune in to #Gamers8 ft. Rainbow Six on August 4th! Group A: vs vs Group B: vs. vs. Peep the rest of the event schedule! 👀,TSM,1/8/2022,No Opinion
8886,Good evening from :Norway::rainbow:,TSLA,3/8/2022,No Opinion
761,Ok who sent me $1 of $TSLA. 😂,TSLA,19/9/2022,No Opinion
39,"Thank you for delivering a car to the wrong address (my house), blocking my driveway for hours and not allowing me to pickup my kids from school on such a hot day. On top of that, all your driver had to say was ""call Tesla and tell them, I'm just a driver"".",TSLA,29/9/2022,Sell
4883,"Cathie Wood will be on CNBC tomorrow night around 6:00pm ET to talk about her strategy of how to buy high, sell low and lose money for your clients. $TSLA",TSLA,28/7/2022,Sell
7817,"This pic is inaccurate, can we get buzzed please?",TSM,25/7/2022,No Opinion
970,Study these Bearish Candlestick patterns! Use price action to take high conviction trades. $SPY $QQQ $TSLA $AAPL,TSLA,15/9/2022,No Opinion
1683,can allow customers to order a Powerwall without needing to order a full Solar system with it? Or is supply just too low to allow that right now?,TSLA,6/9/2022,No Opinion
7520,"If you care about sponsors - again, its much more important to be big on socials and on content.",TSM,11/8/2022,No Opinion
6866,"wishing u the best senor corey, had a blast with you 🫡",TSM,21/9/2022,No Opinion
9549,"Start a fight in a game's fandom with one sentence, GO :backhand_index_pointing_down:",TSM,9/9/2022,NO Opinion
7435,"TSM is in Japan, Scarz is also in Japan, Sweet went live last night so hes hibernating, Hiswattson isnt even #1, Who else you gonna watch. (Probably Shiv) BUT Im also live too. See you there.",TSM,16/8/2022,No Opinion
9439,"Clear your calendar, because this week is going to be a rollercoaster :smiling_face_with_heart-eyes: Tell me, which earnings are you looking forward to? $ULVR $NXP $MSFT $V $MMM $UPS $KO $TXN $META $GOOG $AMZN $BN $QCOM $BMY $KMB $CB $STAG $ADP $AAPL $PFE $MO $SHEL $HSY $INTC $TROW $XOM $ABBV $CVX $PG",AAPL,25/7/2022,No Opinion
3130,Simulation confirmed. $TSLA,TSLA,17/8/2022,No Opinion
6922,Idk about you guys but if I was TSM Regi I would not let some european dude simply walk in and steal away my title as most hated CEO in the west He’s lost his edge,TSM,19/9/2022,No Opinion
6973,"🗣 LISTEN UP , , and put their years of Apex knowledge to the test with our Guess That Sound Challenge: Ultimate edition! 🎬",TSM,14/9/2022,No Opinion
6848,Thank you for everything you do 🤍,TSM,21/9/2022,No Opinion
6929,Happy Birthday to the Florida Man 🥳,TSM,19/9/2022,No Opinion
7296,BRO LOVE IT. I WANT MORE PLAYERS HAVE THIS KIND OF PERSONALITIES FOR THE SAKE OF CONTENTS AND MEMES. we need players that not only just play a game. But have some moments. LOVE IT. PLEASE NO CENSORED. GO TSM AND ENTITY,TSM,26/8/2022,No Opinion
1090,3 of my Favorite ETFs $VOO S&P 500 ETF Top Holdings: $AAPL $MSFT $AMZN $GOOGL $TSLA $SCHD Schwab US Dividend Top Holdings: $PEP $TXN $CSCO $KO $AMGN $DGRO Dividend Growth Top Holdings: $AAPL $MSFT $JNJ $PG,TSLA,14/9/2022,No Opinion
7463,That clutch was crazy good shit,TSM,15/8/2022,No Opinion
1593,89 days since my solar system stopped working 54 days since Tesla service case was submitted $348 lost electricity production 20% total system downtime since install 0 response on resolution Please help me!,TSLA,7/9/2022,Sell
3053,"Woah, the Tesla Twitter account fights back!? We need more of this!",TSLA,17/8/2022,Sell
9279,"$AAPL :red_apple: Apple falls 70% of the time in September, Apple also carries a $SPY weight of 7.3% :green_apple:",AAPL,5/9/2022,Sell
9084,"No $TSLA has not bottomed it’s not the same as a $snap $nflx etc They have to make cars, purchase materials, they have to service cars, they have to recall and fix cars and the car costs 60000 on average :face_with_tears_of_joy: Gonna test new lows",TSLA,22/7/2022,Sell
733,"Sold these at $305 just now for the $12,000 win. $tsla",TSLA,19/9/2022,No Opinion
2124,Small sensor in my got knocked out. The day before they come to my house to fix it they reschedule to October and want me to drive it 40 miles to a service center. Clown company barely even functioning for current customers.,TSLA,29/8/2022,Sell
1623,"Judge McCormick to lawyer: ""I guess we'll never know since you waived due diligence, will we."" Ouch. $TSLA $TWTR",TSLA,6/9/2022,Sell
5573,"$TSLA sold their bitcoin position around $30,000.",TSLA,20/7/2022,No Opinion
6193,China says will take counter measures if USA doesn’t cancel weapons Deal Taiwan. You better be nervous if you have Tsla or Aapl. Both cam be f’ed bad. I told you this earlier in the week and people didn’t believe. What you gonna do if China seizes Tsla plant or Foxconn,AAPL,5/9/2022,Sell
765,"2/ Assuming Elon doesn’t settle and he loses at trial, Judge McCormick can require specific performance (close $TWTR deal at $54.20) or assess damages (diff between $54.20 and X). My read is that Elon can only walk away and pay $1B damages if bank financing disappears. $tsla",TSLA,19/9/2022,Sell
6478,"In response to Pelosi's visit to Taiwan last week, Apple has warned suppliers that some iPhone parts may face delays. As a reminder, Pelosi sold part of her $AAPL stake back on 6/17/22.",AAPL,8/8/2022,Sell
8286,$TSLA Woah :flushed_face: $9.2M OTM Put Strike: 230 Expiration: 11/18 *Above the Ask*,TSLA,6/9/2022,Sell
3685,"That's strange, $TSLA did not disclose the existence of a DEA investigation in its last SEC Form 10-Q... Well, good thing Elon Musk just sold $6.9 billion worth of stock!",TSLA,10/8/2022,Sell
6475,BIG DAY FOR APPLE TOMORROW AMERICAS FIRST EVER SHORT APPLE $AAPL ETF WILL GO LIVE TOMORROW UNDER THE TICKER $AAPD SHOULD HAVE NAMED IT $AAPLQ,AAPL,8/8/2022,Sell
4189,"Elon’s answer to my question at the AGM suggests he is still committed to buying $TWTR. IMO, there will be a renegotiated deal price before the TWTR trial starts w/o 10/17. In the meantime, TWTR overhang continues since Elon may have to sell more $TSLA shares.",TSLA,5/8/2022,Sell
3181,"Sold the $928 for the $7,000. $TSLA",TSLA,16/8/2022,No Opinion
1897,What the HELL just happened? $TSLA #Tesla,TSLA,1/9/2022,Sell
2770,"As predicted, $tsla down again in PM. Now Tesla is down 10% from last week. Another failed rally going into a stock split and another week of no progress upward. Jackson Hole this week will keep markets spooked. Fed is rattling markets weekly with uncertainty.",TSLA,22/8/2022,Sell
3838,The answer was . It was clear it was a huge seller with $TSLA. Didn’t Elon say he was done selling? And he tells you not to trust government. Sounds like don’t trust billionaires and government.,TSLA,10/8/2022,Sell
1355,How bad are $TSLA sales right now? Not looking too good are they?,TSLA,9/9/2022,Sell
4220,"Elon was probably in a good mood last night because he's dumping some of his $TSLA shares today. Tape looks suspicious. Someone with deep pockets and a ton of shares is creating the big block sells today. If he is selling at all, I'll dump all shares for loss and never come back.",TSLA,5/8/2022,Sell
518,$TSLA It is evidently lagging but I see a bearish divergence on the daily and a loss of 10 MA⏰ If this starts reversing could accelerate the market sell,TSLA,22/9/2022,Sell
5868,Today was the first time since 2020 the S&P 500 was up 2% or more while Apple $AAPL was red on the day,AAPL,28/9/2022,Sell
1084,"$TSLA 300/305/310 calls expiring Friday have traded 250,000 contracts. Can't emphasize enough how unique and unprecedented this action is day after day.",TSLA,14/9/2022,Buy
3146,"Since Aug 2nd tweet below, $TSLA stock is up ~$10 as of close today. Per Probability Lab below, options market STILL gives ~15% chance to reach 1200 by Nov 18th and down to ~9% chance to reach 1300🤔 Will keep tracking as i love to see how these probabilities will adjust",TSLA,17/8/2022,Buy
6447,"Had you done this, you would’ve seen the MACD curl setting up on the 30 minute with $AAPL hence why I bought calls yesterday. Chart on the left is with extended hours. Chart on the right is without extended hours. Two totally different charts.",AAPL,11/8/2022,Buy
9448,":spouting_whale: news: - $DAL x $BA - Musk may countersue $TWTR - $DIS worst stock in Dow - Cramer rang NYSE bell = market red - Semiconductor bill tomorrow - Covid not in effect for $RCL, $CCL - $NFLX possible 2-million loss subs - $AAPL slow hiring, sued - Futures:",AAPL,19/7/2022,No Opinion
623,$AAPL and $TSLA didn’t get the drop memo,TSLA,20/9/2022,Hold
9297,Solid day with $AAPL play and holding partial position:face_with_tears_of_joy: • $AAPL 165c .68 to 1.18 (75%) • Will post some charts and thoughts later tonight :rocket:,AAPL,29/8/2022,Buy
1877,Hertz Model Y rental experience has been great! Thanks sister! ☀️,TSLA,2/9/2022,Buy
5271,"Diess 💯 wants to work with Elon at $TSLA You can tell they have mutual respect. No doubt Diess admirers what Elon has accomplished, forcing the hand of Legacy Auto toward EVs. Diess also shares Tesla's vision of an EV future. Would be great to have him on board",TSLA,22/7/2022,Buy
7937,":high_voltage:Watchlist for 9/27/22:high_voltage: :check_mark_button: $SPY :chart_increasing:Calls Over 369/371 :chart_decreasing:Puts Under 363 :automobile: $TSLA :chart_increasing:Calls Over 280 :chart_decreasing:Puts Under 270 :laptop: $META :chart_increasing:Calls Over 139 :chart_decreasing:Puts Under 135 :mobile_phone: $AAPL :chart_increasing:C > 152 :chart_decreasing:P < 148 :fire: Be ready Tomorrow, YOU DONT WANT TO MISS WHAT I HAVE STORED :fire: :high_voltage:LETS BANK + LEARN:money_bag:",TSLA,27/9/2022,No Opinion
1498,"If $TSLA new orders are running at a 2k or less per day rate (which it appears from the current backlog), that would translate into ~$5 per share loss in the first half of ‘23. Under those circumstances I would revise my $66 6-12 month PT down to $39. Time will tell. $TSLA $TSLAQ",TSLA,8/9/2022,Sell
7438,Professional Power Washing Simulator player here ready to take TSM to the top.,TSM,16/8/2022,No Opinion
5012,"Trade plan for Wednesday ✅ FOMC at 11am PST tmrw. If there's a negative reaction $SPX can drop to 3838 by Friday, I would wait for 4000+ to consider calls $TSLA if it fails at 752 it can drop another 25-30 pts this week. Puts can work under 770 $NVDA under 162 can drop to 155",TSLA,27/7/2022,Sell
3021,Step 1) Teslas mow down child-size mannequins in critic's stunt video 2) Angry Tesla fanboys test out whether their cars will stop for *actual children* 3) says don't do that 4) Tesla fanboys joke about running a test with NHTSA safety advisor who's criticized $TSLA,TSLA,18/8/2022,Sell
4705,Wanting to buy a lot more $TSLA but low on funds.,TSLA,1/8/2022,Buy
4706,"Tesla Shareholders Next Level After-Party: FULL SELF-DRINKING BETA 🎉🥳🎈🍾🥂 w/Custom Cocktails: Plaid Libation $TSLA to Mars Aug 4th 730pm til super late Clive Bar, Austin Wear Tesla gear!! YOLO, homies! Open to all.",TSLA,1/8/2022,No Opinion
8918,:high_voltage:Watchlist for 8/2/22:high_voltage: $SPY :chart_increasing:Calls Over 413.40 :chart_decreasing:Puts Under 410/407.10 $META :chart_increasing:Calls Over 160.50 :chart_decreasing:Puts Under 157.20 $NVDA :chart_increasing:Calls Over 185.50 :chart_decreasing:Puts Under 183.40 $TSLA :chart_increasing:Calls over 910 :chart_decreasing:Puts Under 885 $AAPL :chart_decreasing:Puts Under 160 :bell:BE READY FOR BANGERS TOMORROW!!:bell:,TSLA,2/8/2022,No Opinion
3392,"Setups and Watch List, 8/14: $VRTX $ANET $LTHM $MPWR $ON $GFS $TSLA $CELH Charts courtesy of",TSLA,15/8/2022,No Opinion
304,I am against any $TSLA share backs until Tesla would assemble a ludicrous pile of cash. The reason is to increase the probability Tesla will achieve its vision regardless of any force majeures.,TSLA,26/9/2022,Hold
3382,Sorry. I just have to share my office view tonight 😎 $tsla,TSLA,15/8/2022,No Opinion
9248,"You have to hand it to $AAPL. Make minimal, incremental, changes and still break records for a premium luxury device amidst runaway inflation. Their branding power teeters on the edge of flat out mind control :red_apple::brain:",AAPL,12/9/2022,Buy
8039,Tesla could become one of the top five most profitable companies in the world next year. LET'S GO! $TSLA :rocket:,TSLA,19/9/2022,Buy
5070,There is no competition!,TSLA,26/7/2022,Buy
5027,$TSLA under $1k feels like a giant steal going into Q3,TSLA,26/7/2022,Buy
1479,"Which after reading the article, is exactly what they're doing. What do you want Elon to fly him out, suck his dick and take him to the super bowl? Accidents happen, get real.",TSLA,8/9/2022,No Opinion
5853,$AAPL $5.5M OTM Put 👀 Strike: 120 Expiration: 11/18 *Above the Ask*,AAPL,29/9/2022,Sell
9309,Watchlist 8/25: $SPY (/ES): Bounced off daily demand | Supply at 4178.55-4188.93 + 4208.56- 4221.28 $AAPL: Supply at 168.76-169.05 for put entry $AMZN: Supply from 134.98-135.47 for put entry $GOOGL: Supply from 114.49-114.78 for put entry No trade if my zones dont hit :cross_mark:,AAPL,25/8/2022,Sell
1576,Ancap safety test shows that pure vision can clearly see people.,TSLA,7/9/2022,Buy
4681,The $TSLA market share losses identified by on Patreon are stunning. Well worth the expense to get them early. It couldn’t be more clear than in all theaters $TSLA is going to have a major challenge growing even 10-20% next year. Can you say $200s?? $TSLA $TSLAQ,TSLA,1/8/2022,Sell
7251,TSM kept like 10% or some shit if i remember correctly. Pretty fucked that he made you live in an expensice neighborhood / took 95% of sponsorships. No wonder u weigh 130 pounds man was eatin dirt,TSM,29/8/2022,No Opinion
7248,"Nah this aint to dis TSM, I agreed with the pay. I thought it was fair regarding my numbers. I took that fucking opportunity and MILKED it DRY.",TSM,29/8/2022,No Opinion
2956,FREE #OPTIONS Ideas 🤯 Scale out when above 25% Profit $SPY 429C>428.30 | 425P<425.81 $AAPL 175C>174.72 | 172.50P<173.30 $TSLA 920C>918.11 | 905P<906.95 $PLUG 30C>29.34 | 27P<27.70 These are my 4 most POWEFUL picks that have made me money! 101 ❤️for TOP bonus picks!,TSLA,19/8/2022,No Opinion
9506,would yall watch me and the squadron play VR horror games on stream :face_with_monocle:,TSM,19/9/2022,No Opinion
7915,"So, you heard the $TSLA delivery news out of China from Troy Teslike. You’ve seen Gary Black’s take. You’ve seen histrionics from the haters, short sellers, & $TSLAQ trolls. But what’s the financial impact?:thinking_face: Who's Hatin' Hard on Tesla Today? Episode 11:",TSLA,28/9/2022,No Opinion
6410,Is gravity in the way of Apple's climb? The Chartmaster charts the tech giant says $AAPL is trading 26X earnings and lays out a trade! 's Tony Zhang shares his thoughts on the trade strategy.,AAPL,12/8/2022,Hold
6680,Woke up. Went to the DMV. Bought bottom on $AAPL while I waited. Just got home and sold the pump. It is what it is.,AAPL,25/7/2022,No Opinion
2335,"So now that we know the fed is going to be aggressive into September (i.e., 75bp likely), can we just not hear anything about the fed until then? None of this maybe they'll do this vs. this crap every day. Just let it be. The media causes so much volatility for no reason. $TSLA",TSLA,26/8/2022,No Opinion
9104,So today I should’ve had a $20-$30k+ day with $TSLA ‘s rally but had a $1.7k day instead (1 trade) I could either be upset or take a step back and realize where I am currently as a trader. I have been working on building my confidence up and being consistent. So... :backhand_index_pointing_down:,TSLA,21/7/2022,No Opinion
5362,"Peak Mania: $TSLA just added a whole $VW as market cap on earnings that compressed their margins, while inflation puts pressure on the consumer. Makes sense. $TSLAQ",TSLA,21/7/2022,Sell
5247,$tsla $Amzn $intc $Pton I’ll keep typing these out. Lot of messages saying it’s helping. Hope a few ppl not on the bus or who are but can’t listen in all day banked. Have a good weekend Everyone. Hit the ground running Monday 🐸💜,TSLA,25/7/2022,No Opinion
8911,"8/2/2022 - Day 13 after Q2/22 result release :megaphone: DO IT! And ""no"", Twitter, I am not a bot, but have to remind these agencies that $TSLA deserves Investment Grade. Analysts Bruce Clark & Rene Lipsch, Moody's; and Nishit K Madlani & David Binns, S&P",TSLA,2/8/2022,Buy
9371,":chart_increasing:OPTIONS STARTER PACK:chart_increasing: •TRADE $SPY $QQQ $IWM $AAPL •Dip/pullback entries ONLY! •1-2 contracts per position •15-20% max risk, 1:3 R/r preferred •MOVE SL UP as the trade turns green •1-4 OTM and NO 0DTE •BID in or no trade •3/5/10 min charts for intraday",AAPL,5/8/2022,No Opinion
3379,"As a father & current FSD beta user, it was sickening to see create a manipulated false demo. Dan’s company is a vendor to competing OEM’s and he has bias. Huge thanks to for recreating the tests and showing the truth",TSLA,15/8/2022,Buy
1575,"In Part 9, Loki returns to help me talk about Tesla’s exponential EPS growth visualized on both linear and logarithmic charts, and how Stephenson IndicatorTM️ looks now that $TSLA has split- again- 3:1. It’s the last pretty charts video in the series. 😭",TSLA,7/9/2022,Buy